Blocked IP Address,Attack Type
1.251.181.186,High-Rated Attack
114.212.117.188,High-Rated Attack
229.18.59.28,High-Rated Attack
133.42.91.62,High-Rated Attack
21.170.182.159,High-Rated Attack
163.166.85.127,High-Rated Attack
13.90.39.51,High-Rated Attack
30.27.104.45,High-Rated Attack
174.221.107.136,High-Rated Attack
120.131.111.159,High-Rated Attack
189.8.211.21,High-Rated Attack
170.238.178.158,High-Rated Attack
235.109.84.255,High-Rated Attack
241.104.16.136,High-Rated Attack
143.200.210.183,High-Rated Attack
76.139.16.77,High-Rated Attack
104.252.150.112,High-Rated Attack
156.218.208.130,High-Rated Attack
230.159.115.234,High-Rated Attack
30.156.54.134,High-Rated Attack
44.10.175.238,High-Rated Attack
132.131.29.157,High-Rated Attack
161.104.151.58,High-Rated Attack
212.0.69.43,High-Rated Attack
247.207.41.2,High-Rated Attack
182.193.144.165,High-Rated Attack
221.212.185.128,High-Rated Attack
39.169.102.68,High-Rated Attack
54.157.57.188,High-Rated Attack
11.34.223.54,High-Rated Attack
143.74.255.16,High-Rated Attack
197.206.81.224,High-Rated Attack
84.6.115.56,High-Rated Attack
169.208.149.241,High-Rated Attack
209.16.133.14,High-Rated Attack
15.136.253.101,High-Rated Attack
180.67.203.241,High-Rated Attack
131.97.182.117,High-Rated Attack
208.228.160.55,High-Rated Attack
195.132.66.126,High-Rated Attack
31.54.5.250,High-Rated Attack
54.190.244.212,High-Rated Attack
10.160.128.193,High-Rated Attack
203.243.136.79,High-Rated Attack
200.137.188.245,High-Rated Attack
114.109.116.11,High-Rated Attack
196.197.45.129,High-Rated Attack
193.170.86.247,High-Rated Attack
254.254.242.141,High-Rated Attack
157.46.219.146,High-Rated Attack
94.223.228.6,High-Rated Attack
45.177.182.1,High-Rated Attack
13.145.23.117,High-Rated Attack
212.112.64.254,High-Rated Attack
125.67.82.151,High-Rated Attack
239.126.156.93,High-Rated Attack
32.178.104.35,High-Rated Attack
177.227.72.43,High-Rated Attack
81.63.84.72,High-Rated Attack
37.203.81.52,High-Rated Attack
181.33.233.2,High-Rated Attack
227.157.152.234,High-Rated Attack
22.123.152.62,High-Rated Attack
167.4.237.4,High-Rated Attack
19.206.212.95,High-Rated Attack
3.220.61.131,High-Rated Attack
167.55.28.37,High-Rated Attack
90.215.36.56,High-Rated Attack
180.177.99.151,High-Rated Attack
233.180.106.87,High-Rated Attack
138.176.50.148,High-Rated Attack
148.31.189.10,High-Rated Attack
47.110.88.58,High-Rated Attack
250.80.180.43,High-Rated Attack
2.214.40.223,High-Rated Attack
139.71.166.14,High-Rated Attack
101.164.38.198,High-Rated Attack
109.10.141.211,High-Rated Attack
167.106.36.161,High-Rated Attack
55.23.114.228,High-Rated Attack
131.190.6.255,High-Rated Attack
249.87.227.157,High-Rated Attack
233.80.39.107,High-Rated Attack
22.151.148.178,High-Rated Attack
173.84.59.168,High-Rated Attack
235.217.149.35,High-Rated Attack
198.142.86.174,High-Rated Attack
231.88.135.191,High-Rated Attack
221.13.140.136,High-Rated Attack
7.108.219.14,High-Rated Attack
161.198.70.163,High-Rated Attack
83.133.196.51,High-Rated Attack
113.181.156.232,High-Rated Attack
229.233.173.31,High-Rated Attack
199.37.92.63,High-Rated Attack
56.182.117.106,High-Rated Attack
241.56.56.222,High-Rated Attack
181.106.62.79,High-Rated Attack
41.160.201.10,High-Rated Attack
102.138.72.77,High-Rated Attack
233.185.124.211,High-Rated Attack
62.56.96.71,High-Rated Attack
222.176.99.252,High-Rated Attack
169.105.53.245,High-Rated Attack
251.95.138.151,High-Rated Attack
56.82.76.2,High-Rated Attack
154.161.2.212,High-Rated Attack
71.220.239.155,High-Rated Attack
9.50.120.141,High-Rated Attack
123.222.21.172,High-Rated Attack
40.242.130.91,High-Rated Attack
0.6.34.41,High-Rated Attack
144.71.27.34,High-Rated Attack
97.97.239.7,High-Rated Attack
74.131.35.114,High-Rated Attack
217.166.249.125,High-Rated Attack
241.87.85.94,High-Rated Attack
121.124.129.238,High-Rated Attack
34.224.137.76,High-Rated Attack
90.219.56.55,High-Rated Attack
221.161.143.23,High-Rated Attack
132.202.70.38,High-Rated Attack
129.119.153.158,High-Rated Attack
64.157.159.240,High-Rated Attack
78.120.153.39,High-Rated Attack
181.27.144.132,High-Rated Attack
203.149.170.61,High-Rated Attack
46.211.242.122,High-Rated Attack
74.143.203.100,High-Rated Attack
226.47.160.235,High-Rated Attack
232.101.44.23,High-Rated Attack
114.184.201.4,High-Rated Attack
255.103.51.193,High-Rated Attack
201.202.73.147,High-Rated Attack
73.19.220.119,High-Rated Attack
103.44.75.249,High-Rated Attack
252.190.164.120,High-Rated Attack
129.56.250.102,High-Rated Attack
102.118.218.209,High-Rated Attack
140.235.41.206,High-Rated Attack
21.33.184.61,High-Rated Attack
82.6.11.67,High-Rated Attack
198.27.185.124,High-Rated Attack
166.144.74.140,High-Rated Attack
154.21.235.204,High-Rated Attack
39.205.62.178,High-Rated Attack
11.252.138.248,High-Rated Attack
111.177.250.81,High-Rated Attack
242.111.8.16,High-Rated Attack
226.201.42.12,High-Rated Attack
91.199.133.0,High-Rated Attack
201.104.116.71,High-Rated Attack
86.226.163.5,High-Rated Attack
202.49.9.5,High-Rated Attack
31.174.184.222,High-Rated Attack
17.7.20.139,High-Rated Attack
66.227.62.253,High-Rated Attack
103.190.112.240,High-Rated Attack
156.54.255.25,High-Rated Attack
250.85.41.70,High-Rated Attack
202.77.72.250,Low-Rated Attack
159.108.34.73,High-Rated Attack
184.190.21.114,High-Rated Attack
98.202.21.218,High-Rated Attack
215.164.205.55,High-Rated Attack
35.115.29.168,High-Rated Attack
166.242.81.138,High-Rated Attack
49.56.206.76,High-Rated Attack
219.53.240.37,High-Rated Attack
235.34.181.134,High-Rated Attack
178.90.152.166,High-Rated Attack
65.219.115.181,High-Rated Attack
62.184.35.226,High-Rated Attack
32.25.6.142,High-Rated Attack
241.242.30.177,High-Rated Attack
23.46.136.109,High-Rated Attack
10.137.31.210,High-Rated Attack
114.199.143.90,High-Rated Attack
164.82.53.213,High-Rated Attack
70.61.109.202,High-Rated Attack
234.173.222.241,High-Rated Attack
115.252.199.23,High-Rated Attack
69.103.112.125,High-Rated Attack
48.166.221.88,High-Rated Attack
51.94.231.93,High-Rated Attack
3.162.222.22,High-Rated Attack
131.89.43.190,High-Rated Attack
46.184.85.31,High-Rated Attack
217.186.247.255,High-Rated Attack
244.127.49.194,High-Rated Attack
52.47.244.196,High-Rated Attack
183.122.106.149,High-Rated Attack
88.90.83.0,High-Rated Attack
197.30.71.159,High-Rated Attack
192.238.42.197,High-Rated Attack
99.57.124.75,High-Rated Attack
49.188.213.196,High-Rated Attack
37.173.108.89,High-Rated Attack
190.26.66.219,High-Rated Attack
152.5.252.215,High-Rated Attack
25.200.223.130,High-Rated Attack
100.63.182.106,High-Rated Attack
16.184.220.194,High-Rated Attack
5.140.177.245,High-Rated Attack
210.167.172.44,High-Rated Attack
57.113.120.102,Low-Rated Attack
8.196.231.66,High-Rated Attack
253.153.142.75,High-Rated Attack
47.241.1.195,High-Rated Attack
205.91.61.48,High-Rated Attack
174.66.56.59,High-Rated Attack
211.63.91.58,High-Rated Attack
38.85.122.220,High-Rated Attack
222.204.139.111,High-Rated Attack
216.5.18.226,High-Rated Attack
171.219.133.163,High-Rated Attack
151.235.161.59,High-Rated Attack
237.76.169.171,High-Rated Attack
83.211.214.2,High-Rated Attack
181.188.37.114,High-Rated Attack
246.157.163.141,High-Rated Attack
137.99.253.197,High-Rated Attack
14.145.127.108,High-Rated Attack
109.131.63.160,High-Rated Attack
196.166.174.55,High-Rated Attack
86.8.14.54,High-Rated Attack
136.21.215.134,High-Rated Attack
212.96.51.238,High-Rated Attack
96.107.252.218,High-Rated Attack
99.162.123.230,High-Rated Attack
178.173.187.10,High-Rated Attack
234.118.176.116,High-Rated Attack
143.214.11.40,High-Rated Attack
230.101.172.47,High-Rated Attack
208.209.135.34,High-Rated Attack
115.116.134.127,High-Rated Attack
155.249.135.4,High-Rated Attack
179.122.2.233,High-Rated Attack
144.11.197.144,High-Rated Attack
72.207.73.135,High-Rated Attack
40.109.99.204,High-Rated Attack
42.131.112.108,High-Rated Attack
75.176.136.190,High-Rated Attack
198.243.41.27,High-Rated Attack
83.110.7.141,High-Rated Attack
165.51.20.28,High-Rated Attack
178.178.146.153,High-Rated Attack
47.193.24.121,High-Rated Attack
11.208.74.218,High-Rated Attack
16.178.58.163,High-Rated Attack
239.224.31.105,High-Rated Attack
29.241.43.101,High-Rated Attack
178.121.89.255,High-Rated Attack
206.173.59.250,High-Rated Attack
150.170.199.217,High-Rated Attack
21.134.26.65,High-Rated Attack
220.110.181.242,High-Rated Attack
24.23.149.164,High-Rated Attack
121.52.200.222,High-Rated Attack
115.121.176.162,High-Rated Attack
246.202.198.220,High-Rated Attack
98.68.74.187,High-Rated Attack
111.38.163.241,High-Rated Attack
179.37.221.185,High-Rated Attack
132.12.51.157,High-Rated Attack
165.245.190.173,High-Rated Attack
118.190.163.44,High-Rated Attack
211.200.208.189,High-Rated Attack
242.127.51.171,High-Rated Attack
252.92.125.40,High-Rated Attack
105.249.22.192,High-Rated Attack
217.9.164.149,High-Rated Attack
231.20.119.180,High-Rated Attack
46.34.222.204,High-Rated Attack
245.13.135.65,High-Rated Attack
19.185.6.99,High-Rated Attack
44.11.6.232,High-Rated Attack
138.53.212.246,High-Rated Attack
188.83.112.126,High-Rated Attack
155.163.80.182,High-Rated Attack
216.38.254.163,High-Rated Attack
136.119.152.41,High-Rated Attack
205.228.52.63,High-Rated Attack
155.36.58.29,High-Rated Attack
166.2.231.211,High-Rated Attack
79.104.52.52,High-Rated Attack
154.141.23.125,High-Rated Attack
218.96.222.104,High-Rated Attack
9.97.191.59,High-Rated Attack
55.157.1.161,High-Rated Attack
183.81.19.220,High-Rated Attack
216.195.62.210,High-Rated Attack
215.140.31.195,High-Rated Attack
164.45.223.141,High-Rated Attack
105.112.108.44,High-Rated Attack
51.16.235.71,High-Rated Attack
167.211.22.88,High-Rated Attack
44.31.225.169,Low-Rated Attack
38.219.57.193,High-Rated Attack
16.119.238.121,High-Rated Attack
73.119.119.60,High-Rated Attack
16.157.46.25,High-Rated Attack
133.252.196.71,High-Rated Attack
17.103.1.203,High-Rated Attack
239.88.179.2,High-Rated Attack
138.121.26.201,High-Rated Attack
194.113.74.188,High-Rated Attack
134.100.8.130,High-Rated Attack
129.168.147.2,High-Rated Attack
141.43.82.249,High-Rated Attack
225.190.175.139,High-Rated Attack
98.199.173.11,High-Rated Attack
50.134.10.214,High-Rated Attack
21.233.193.66,High-Rated Attack
219.132.117.241,High-Rated Attack
208.92.87.114,High-Rated Attack
89.74.25.128,High-Rated Attack
218.109.123.31,High-Rated Attack
124.26.87.53,High-Rated Attack
54.58.3.130,High-Rated Attack
248.17.155.116,High-Rated Attack
139.99.210.199,High-Rated Attack
171.106.223.39,High-Rated Attack
57.25.197.43,High-Rated Attack
15.243.144.121,High-Rated Attack
8.147.22.213,High-Rated Attack
122.96.143.235,High-Rated Attack
231.223.225.70,High-Rated Attack
123.124.60.57,High-Rated Attack
202.0.23.54,High-Rated Attack
25.96.207.97,High-Rated Attack
218.36.163.245,High-Rated Attack
139.237.3.172,High-Rated Attack
96.127.155.159,High-Rated Attack
91.147.200.42,Low-Rated Attack
209.21.170.95,High-Rated Attack
15.53.160.215,High-Rated Attack
87.219.151.214,High-Rated Attack
172.118.226.13,High-Rated Attack
116.233.215.239,High-Rated Attack
30.3.250.179,High-Rated Attack
136.139.134.119,High-Rated Attack
69.67.132.24,High-Rated Attack
160.210.185.195,High-Rated Attack
157.42.88.153,High-Rated Attack
167.113.23.31,High-Rated Attack
179.96.249.72,High-Rated Attack
93.251.164.8,High-Rated Attack
221.233.228.112,High-Rated Attack
139.77.132.18,High-Rated Attack
165.102.201.65,High-Rated Attack
89.164.77.79,High-Rated Attack
244.102.131.102,High-Rated Attack
187.150.241.234,High-Rated Attack
53.91.205.157,High-Rated Attack
114.42.94.224,High-Rated Attack
11.197.141.63,High-Rated Attack
160.171.243.167,High-Rated Attack
175.242.190.26,High-Rated Attack
114.65.74.79,High-Rated Attack
253.61.38.157,High-Rated Attack
135.134.180.8,High-Rated Attack
30.71.173.229,High-Rated Attack
27.30.160.180,High-Rated Attack
69.160.203.145,High-Rated Attack
47.254.159.165,High-Rated Attack
112.80.17.189,High-Rated Attack
54.89.103.3,High-Rated Attack
53.94.190.205,High-Rated Attack
150.99.63.147,High-Rated Attack
87.5.31.148,High-Rated Attack
168.167.74.89,High-Rated Attack
248.96.133.35,High-Rated Attack
152.53.23.102,High-Rated Attack
34.52.83.138,High-Rated Attack
160.120.212.43,High-Rated Attack
26.252.189.162,High-Rated Attack
50.81.145.232,High-Rated Attack
123.87.139.212,High-Rated Attack
155.82.241.170,High-Rated Attack
23.80.7.112,High-Rated Attack
135.140.77.33,High-Rated Attack
212.191.90.251,High-Rated Attack
156.138.193.152,High-Rated Attack
58.148.144.148,High-Rated Attack
116.60.222.156,High-Rated Attack
84.23.82.63,High-Rated Attack
58.38.193.142,High-Rated Attack
205.200.76.58,High-Rated Attack
89.63.100.51,High-Rated Attack
88.11.155.6,High-Rated Attack
233.46.43.15,High-Rated Attack
54.106.55.63,High-Rated Attack
218.161.149.42,High-Rated Attack
226.174.38.58,High-Rated Attack
82.169.246.110,High-Rated Attack
108.77.0.136,High-Rated Attack
184.36.84.192,High-Rated Attack
14.32.99.205,High-Rated Attack
114.200.97.42,High-Rated Attack
92.239.216.232,High-Rated Attack
3.30.91.185,High-Rated Attack
102.176.201.165,High-Rated Attack
27.226.228.139,High-Rated Attack
130.236.22.145,High-Rated Attack
67.204.140.10,High-Rated Attack
107.195.233.137,High-Rated Attack
240.142.221.29,High-Rated Attack
216.179.185.212,High-Rated Attack
253.135.172.4,High-Rated Attack
16.165.201.87,High-Rated Attack
49.201.56.155,High-Rated Attack
201.135.142.99,High-Rated Attack
132.114.165.249,High-Rated Attack
91.224.236.40,High-Rated Attack
67.102.121.81,High-Rated Attack
13.17.138.39,High-Rated Attack
238.16.139.1,High-Rated Attack
172.47.46.146,High-Rated Attack
158.253.159.191,High-Rated Attack
112.146.191.84,High-Rated Attack
173.171.45.147,High-Rated Attack
107.121.197.78,High-Rated Attack
206.237.149.40,High-Rated Attack
17.17.48.50,High-Rated Attack
220.134.142.204,High-Rated Attack
13.40.80.52,High-Rated Attack
125.144.224.215,High-Rated Attack
245.130.185.39,High-Rated Attack
93.102.26.136,High-Rated Attack
238.45.90.101,High-Rated Attack
23.192.34.120,High-Rated Attack
153.112.220.179,High-Rated Attack
192.40.203.237,High-Rated Attack
12.37.178.39,High-Rated Attack
129.88.37.50,Low-Rated Attack
224.255.143.205,High-Rated Attack
84.128.81.132,High-Rated Attack
246.187.131.14,High-Rated Attack
147.235.175.94,High-Rated Attack
183.38.227.231,High-Rated Attack
39.207.74.141,High-Rated Attack
16.59.79.18,High-Rated Attack
248.202.71.102,High-Rated Attack
12.128.245.172,High-Rated Attack
17.120.9.97,High-Rated Attack
161.73.4.125,High-Rated Attack
252.30.55.225,High-Rated Attack
224.125.147.137,High-Rated Attack
237.148.77.228,High-Rated Attack
133.58.2.131,High-Rated Attack
9.234.166.164,High-Rated Attack
176.48.206.57,High-Rated Attack
195.216.57.91,High-Rated Attack
153.53.106.139,High-Rated Attack
240.227.78.84,High-Rated Attack
51.32.66.175,High-Rated Attack
206.90.23.85,High-Rated Attack
213.132.5.87,High-Rated Attack
249.209.8.178,High-Rated Attack
59.194.249.125,Low-Rated Attack
119.221.137.197,High-Rated Attack
107.77.149.228,High-Rated Attack
248.158.195.163,High-Rated Attack
200.218.4.151,High-Rated Attack
18.132.39.23,High-Rated Attack
246.51.209.152,High-Rated Attack
118.200.89.53,High-Rated Attack
19.32.123.59,High-Rated Attack
7.71.87.34,High-Rated Attack
115.244.44.232,High-Rated Attack
242.132.223.42,High-Rated Attack
33.190.41.18,High-Rated Attack
65.2.253.1,High-Rated Attack
147.181.18.210,High-Rated Attack
182.183.133.91,High-Rated Attack
147.235.173.64,High-Rated Attack
190.233.95.104,High-Rated Attack
190.112.134.78,High-Rated Attack
92.10.17.205,High-Rated Attack
192.194.38.61,High-Rated Attack
59.142.183.185,High-Rated Attack
28.54.60.29,High-Rated Attack
222.152.191.92,High-Rated Attack
1.205.36.144,High-Rated Attack
240.155.107.56,High-Rated Attack
94.61.101.98,High-Rated Attack
202.127.1.135,High-Rated Attack
50.16.252.95,High-Rated Attack
17.204.85.162,High-Rated Attack
158.238.205.31,High-Rated Attack
98.140.97.91,High-Rated Attack
67.71.16.82,High-Rated Attack
106.225.31.34,High-Rated Attack
66.8.249.245,High-Rated Attack
228.79.157.221,High-Rated Attack
172.89.160.89,High-Rated Attack
101.9.61.10,High-Rated Attack
140.177.119.248,High-Rated Attack
64.105.136.204,High-Rated Attack
115.112.174.15,High-Rated Attack
121.145.1.64,High-Rated Attack
246.217.133.129,High-Rated Attack
88.215.104.107,High-Rated Attack
42.78.115.208,High-Rated Attack
6.77.151.217,High-Rated Attack
227.206.136.201,High-Rated Attack
172.23.93.17,High-Rated Attack
122.215.57.136,High-Rated Attack
160.223.187.144,High-Rated Attack
206.42.78.24,High-Rated Attack
23.129.171.8,High-Rated Attack
121.246.28.165,High-Rated Attack
102.250.18.198,High-Rated Attack
158.208.20.194,High-Rated Attack
51.140.89.246,High-Rated Attack
141.236.60.83,High-Rated Attack
141.213.146.97,High-Rated Attack
116.209.178.67,High-Rated Attack
171.185.172.100,High-Rated Attack
196.251.129.231,High-Rated Attack
249.138.112.37,High-Rated Attack
254.138.243.56,High-Rated Attack
49.84.212.36,High-Rated Attack
78.164.196.75,High-Rated Attack
81.142.198.8,High-Rated Attack
145.159.196.60,High-Rated Attack
128.72.125.46,Low-Rated Attack
25.224.243.116,High-Rated Attack
108.217.78.106,High-Rated Attack
208.51.254.85,High-Rated Attack
168.94.59.187,High-Rated Attack
204.151.135.47,High-Rated Attack
81.130.92.114,High-Rated Attack
15.20.30.92,High-Rated Attack
183.145.229.183,High-Rated Attack
143.232.193.40,High-Rated Attack
150.250.27.122,High-Rated Attack
173.110.192.98,High-Rated Attack
127.11.190.49,High-Rated Attack
180.196.8.157,High-Rated Attack
79.56.12.54,High-Rated Attack
94.254.117.232,High-Rated Attack
49.144.229.6,High-Rated Attack
239.203.29.234,High-Rated Attack
124.47.208.37,High-Rated Attack
123.119.251.26,High-Rated Attack
57.215.119.13,High-Rated Attack
86.128.217.121,High-Rated Attack
160.133.223.126,High-Rated Attack
106.71.94.198,High-Rated Attack
163.228.23.9,High-Rated Attack
27.157.157.12,High-Rated Attack
140.59.12.245,High-Rated Attack
44.56.131.218,High-Rated Attack
244.189.205.91,High-Rated Attack
129.24.96.180,High-Rated Attack
92.165.129.45,High-Rated Attack
157.254.118.13,High-Rated Attack
79.147.129.40,High-Rated Attack
218.185.184.241,High-Rated Attack
20.216.154.198,High-Rated Attack
52.127.168.58,High-Rated Attack
98.130.150.100,High-Rated Attack
27.71.128.71,High-Rated Attack
71.193.94.237,High-Rated Attack
13.27.208.181,High-Rated Attack
48.244.72.28,High-Rated Attack
76.73.176.100,High-Rated Attack
90.13.252.159,High-Rated Attack
157.141.1.101,High-Rated Attack
136.58.122.4,High-Rated Attack
225.150.102.6,High-Rated Attack
203.27.182.141,High-Rated Attack
101.103.240.192,High-Rated Attack
92.46.255.55,High-Rated Attack
227.180.240.156,High-Rated Attack
86.97.22.242,High-Rated Attack
194.219.211.239,High-Rated Attack
8.65.186.239,High-Rated Attack
7.14.133.128,High-Rated Attack
80.168.241.169,High-Rated Attack
250.13.119.173,High-Rated Attack
80.87.167.71,High-Rated Attack
96.16.216.40,High-Rated Attack
103.217.41.143,High-Rated Attack
207.15.0.22,High-Rated Attack
138.23.66.75,High-Rated Attack
83.34.98.225,High-Rated Attack
13.67.68.149,High-Rated Attack
147.150.212.246,High-Rated Attack
109.219.97.133,High-Rated Attack
127.67.253.18,High-Rated Attack
203.42.168.124,High-Rated Attack
26.238.11.246,High-Rated Attack
193.53.87.21,High-Rated Attack
176.159.167.2,High-Rated Attack
244.103.139.174,High-Rated Attack
112.16.213.25,High-Rated Attack
51.93.35.17,High-Rated Attack
249.92.166.10,High-Rated Attack
119.79.220.191,High-Rated Attack
161.130.17.18,High-Rated Attack
167.174.96.1,High-Rated Attack
86.129.247.191,High-Rated Attack
61.35.240.67,High-Rated Attack
158.135.3.34,High-Rated Attack
136.116.232.205,High-Rated Attack
6.42.201.6,High-Rated Attack
213.203.44.67,High-Rated Attack
183.198.11.239,High-Rated Attack
215.75.180.166,High-Rated Attack
81.168.3.28,High-Rated Attack
91.18.249.219,High-Rated Attack
197.194.123.175,High-Rated Attack
198.206.136.143,High-Rated Attack
234.85.241.15,High-Rated Attack
144.70.48.41,High-Rated Attack
221.85.223.22,High-Rated Attack
20.195.12.9,High-Rated Attack
32.180.193.250,High-Rated Attack
245.191.56.118,High-Rated Attack
118.200.51.238,High-Rated Attack
229.229.193.41,High-Rated Attack
143.227.67.19,High-Rated Attack
12.54.41.112,High-Rated Attack
198.210.83.188,High-Rated Attack
146.211.27.141,High-Rated Attack
230.41.28.209,High-Rated Attack
118.189.1.185,High-Rated Attack
93.217.31.36,High-Rated Attack
226.143.53.50,High-Rated Attack
115.86.125.75,High-Rated Attack
142.36.135.216,High-Rated Attack
189.236.154.11,High-Rated Attack
65.4.218.117,High-Rated Attack
14.245.31.141,High-Rated Attack
49.97.133.120,High-Rated Attack
209.55.194.19,High-Rated Attack
223.145.63.231,High-Rated Attack
156.142.13.68,High-Rated Attack
135.46.45.46,High-Rated Attack
10.68.93.99,High-Rated Attack
135.176.24.171,High-Rated Attack
225.36.46.149,High-Rated Attack
191.228.1.94,High-Rated Attack
2.72.152.121,High-Rated Attack
26.212.96.156,High-Rated Attack
233.43.213.214,High-Rated Attack
116.218.94.198,High-Rated Attack
211.117.64.77,High-Rated Attack
61.76.103.155,High-Rated Attack
78.205.55.149,High-Rated Attack
117.77.214.211,High-Rated Attack
202.108.111.33,High-Rated Attack
58.77.74.179,High-Rated Attack
141.21.87.39,High-Rated Attack
229.7.211.71,High-Rated Attack
122.143.240.16,High-Rated Attack
162.14.101.254,High-Rated Attack
145.158.5.165,High-Rated Attack
113.222.200.243,High-Rated Attack
132.79.16.239,High-Rated Attack
125.154.197.228,High-Rated Attack
122.197.160.212,High-Rated Attack
111.226.218.1,High-Rated Attack
215.22.152.221,High-Rated Attack
74.105.67.168,High-Rated Attack
83.189.28.24,High-Rated Attack
17.60.58.238,High-Rated Attack
49.175.230.49,High-Rated Attack
19.217.36.104,High-Rated Attack
124.75.0.34,High-Rated Attack
164.4.234.207,High-Rated Attack
32.162.129.163,High-Rated Attack
88.90.186.166,High-Rated Attack
203.228.75.145,High-Rated Attack
20.6.98.97,High-Rated Attack
89.26.56.68,High-Rated Attack
100.147.229.25,High-Rated Attack
0.230.121.207,High-Rated Attack
112.100.149.57,High-Rated Attack
45.61.120.101,High-Rated Attack
28.9.254.130,High-Rated Attack
88.105.224.201,High-Rated Attack
146.31.81.252,High-Rated Attack
5.251.87.187,High-Rated Attack
140.242.115.1,High-Rated Attack
211.223.52.94,High-Rated Attack
63.116.203.99,High-Rated Attack
190.192.249.223,High-Rated Attack
246.63.59.32,High-Rated Attack
228.38.176.37,High-Rated Attack
21.137.143.57,High-Rated Attack
122.22.94.248,High-Rated Attack
3.244.6.52,High-Rated Attack
198.244.93.103,High-Rated Attack
66.9.205.40,High-Rated Attack
39.231.100.57,High-Rated Attack
60.30.13.150,High-Rated Attack
124.159.132.133,High-Rated Attack
176.128.137.59,High-Rated Attack
241.212.227.123,High-Rated Attack
175.61.198.140,High-Rated Attack
159.146.122.152,High-Rated Attack
165.15.106.145,High-Rated Attack
22.124.14.12,High-Rated Attack
105.166.44.194,High-Rated Attack
58.193.233.112,High-Rated Attack
3.254.236.135,High-Rated Attack
61.156.34.214,High-Rated Attack
150.125.139.122,High-Rated Attack
50.225.57.129,High-Rated Attack
120.63.115.54,High-Rated Attack
208.202.224.243,High-Rated Attack
179.139.112.64,High-Rated Attack
119.18.196.218,High-Rated Attack
135.127.206.205,High-Rated Attack
31.52.11.142,High-Rated Attack
143.138.2.27,High-Rated Attack
101.5.219.200,High-Rated Attack
37.150.158.161,High-Rated Attack
105.248.143.1,High-Rated Attack
203.211.195.201,High-Rated Attack
212.172.15.193,High-Rated Attack
88.75.246.17,High-Rated Attack
171.167.140.254,High-Rated Attack
153.121.105.20,High-Rated Attack
253.175.170.78,High-Rated Attack
226.207.15.245,High-Rated Attack
240.233.13.100,High-Rated Attack
227.139.0.103,High-Rated Attack
252.231.16.184,High-Rated Attack
253.206.50.186,High-Rated Attack
127.35.88.84,High-Rated Attack
93.135.95.14,High-Rated Attack
96.149.153.199,High-Rated Attack
51.131.124.54,High-Rated Attack
113.193.208.171,High-Rated Attack
12.183.63.49,High-Rated Attack
67.176.162.80,High-Rated Attack
80.138.69.120,High-Rated Attack
160.100.182.236,High-Rated Attack
93.120.218.214,High-Rated Attack
151.104.245.41,High-Rated Attack
216.23.127.201,High-Rated Attack
106.232.247.198,High-Rated Attack
47.164.95.226,High-Rated Attack
15.185.68.252,High-Rated Attack
30.157.103.157,High-Rated Attack
128.152.28.43,High-Rated Attack
29.147.86.8,High-Rated Attack
68.226.138.85,High-Rated Attack
62.31.203.183,High-Rated Attack
197.160.29.252,High-Rated Attack
148.1.1.50,High-Rated Attack
63.115.228.237,High-Rated Attack
93.179.180.221,High-Rated Attack
80.177.239.240,High-Rated Attack
6.19.30.187,High-Rated Attack
152.76.120.146,High-Rated Attack
169.223.149.216,High-Rated Attack
113.194.220.240,High-Rated Attack
28.9.15.172,High-Rated Attack
40.35.159.147,High-Rated Attack
114.182.126.189,High-Rated Attack
237.161.189.16,High-Rated Attack
65.156.147.219,High-Rated Attack
249.43.179.226,High-Rated Attack
182.131.150.132,High-Rated Attack
249.34.211.117,High-Rated Attack
86.209.50.255,High-Rated Attack
79.15.101.89,High-Rated Attack
94.15.129.110,High-Rated Attack
191.129.166.113,High-Rated Attack
52.236.147.238,High-Rated Attack
167.3.129.106,High-Rated Attack
208.181.23.109,High-Rated Attack
12.29.233.130,High-Rated Attack
84.112.13.193,High-Rated Attack
167.9.250.120,High-Rated Attack
177.172.173.223,High-Rated Attack
254.240.7.176,High-Rated Attack
240.201.217.77,High-Rated Attack
55.207.144.35,High-Rated Attack
0.151.106.168,High-Rated Attack
235.69.151.162,High-Rated Attack
30.38.68.43,High-Rated Attack
45.15.225.28,High-Rated Attack
214.108.66.71,High-Rated Attack
89.43.161.13,High-Rated Attack
103.205.98.161,High-Rated Attack
27.128.134.106,High-Rated Attack
33.237.2.209,High-Rated Attack
0.116.17.102,High-Rated Attack
247.193.103.183,High-Rated Attack
234.76.143.64,High-Rated Attack
117.154.112.112,High-Rated Attack
228.36.216.228,High-Rated Attack
39.51.61.94,High-Rated Attack
33.96.237.228,High-Rated Attack
192.243.113.194,High-Rated Attack
131.154.88.117,High-Rated Attack
148.182.108.109,High-Rated Attack
247.227.187.248,High-Rated Attack
143.245.25.6,High-Rated Attack
23.103.185.253,High-Rated Attack
124.177.57.241,High-Rated Attack
244.132.250.127,High-Rated Attack
152.49.186.90,High-Rated Attack
180.94.67.105,High-Rated Attack
215.139.189.177,High-Rated Attack
75.143.20.90,High-Rated Attack
204.164.249.248,High-Rated Attack
76.252.166.24,High-Rated Attack
23.182.218.80,High-Rated Attack
60.228.182.17,High-Rated Attack
219.67.165.132,High-Rated Attack
60.220.206.232,High-Rated Attack
100.227.130.164,High-Rated Attack
102.243.150.26,High-Rated Attack
93.97.207.131,High-Rated Attack
224.123.58.163,High-Rated Attack
107.169.138.38,High-Rated Attack
126.177.66.140,High-Rated Attack
159.206.117.111,High-Rated Attack
189.75.154.89,High-Rated Attack
59.127.99.8,High-Rated Attack
0.35.232.187,High-Rated Attack
17.2.23.170,High-Rated Attack
164.229.68.34,High-Rated Attack
64.248.225.105,High-Rated Attack
25.233.164.107,High-Rated Attack
222.6.31.62,High-Rated Attack
163.89.149.215,High-Rated Attack
130.100.222.99,High-Rated Attack
250.71.161.95,High-Rated Attack
209.108.105.246,High-Rated Attack
106.237.44.30,High-Rated Attack
48.146.84.16,High-Rated Attack
71.49.20.156,High-Rated Attack
193.35.255.135,High-Rated Attack
215.248.147.232,High-Rated Attack
32.193.214.235,High-Rated Attack
166.129.235.238,High-Rated Attack
163.151.161.52,High-Rated Attack
117.14.141.44,High-Rated Attack
221.122.67.70,High-Rated Attack
142.104.139.41,High-Rated Attack
125.94.176.236,High-Rated Attack
182.90.101.8,High-Rated Attack
162.32.117.212,High-Rated Attack
102.194.183.251,High-Rated Attack
141.161.130.227,High-Rated Attack
123.229.136.62,High-Rated Attack
91.207.83.19,High-Rated Attack
49.175.117.28,High-Rated Attack
244.161.118.176,High-Rated Attack
216.191.187.127,High-Rated Attack
41.59.178.88,High-Rated Attack
159.20.88.158,High-Rated Attack
213.133.109.45,High-Rated Attack
45.149.194.204,High-Rated Attack
59.53.56.234,High-Rated Attack
137.129.167.77,High-Rated Attack
155.21.50.139,High-Rated Attack
212.190.49.255,High-Rated Attack
84.219.213.22,High-Rated Attack
53.95.143.247,High-Rated Attack
150.207.156.90,High-Rated Attack
202.10.211.120,High-Rated Attack
54.208.21.116,High-Rated Attack
67.203.184.91,High-Rated Attack
201.46.238.214,High-Rated Attack
52.145.213.202,High-Rated Attack
25.49.235.32,High-Rated Attack
111.125.26.126,High-Rated Attack
35.67.117.173,High-Rated Attack
69.14.85.8,High-Rated Attack
251.102.107.82,High-Rated Attack
108.218.39.45,High-Rated Attack
229.170.121.167,High-Rated Attack
144.218.107.211,High-Rated Attack
157.104.34.104,High-Rated Attack
241.238.16.189,High-Rated Attack
125.217.162.141,High-Rated Attack
250.68.230.108,High-Rated Attack
239.225.99.246,High-Rated Attack
27.245.45.39,High-Rated Attack
81.149.246.69,High-Rated Attack
213.116.76.227,High-Rated Attack
135.173.8.117,High-Rated Attack
97.177.153.16,High-Rated Attack
76.199.22.156,High-Rated Attack
95.143.173.108,High-Rated Attack
233.16.23.57,High-Rated Attack
106.41.92.124,High-Rated Attack
70.187.62.70,High-Rated Attack
224.105.56.125,High-Rated Attack
27.218.87.167,High-Rated Attack
227.104.37.7,High-Rated Attack
99.84.249.69,High-Rated Attack
104.247.225.170,High-Rated Attack
186.52.29.216,High-Rated Attack
37.130.105.164,High-Rated Attack
141.88.98.103,High-Rated Attack
102.181.170.116,High-Rated Attack
144.133.139.154,High-Rated Attack
224.201.185.125,High-Rated Attack
130.239.87.15,High-Rated Attack
159.125.206.172,High-Rated Attack
151.248.203.249,High-Rated Attack
91.246.39.50,High-Rated Attack
195.251.228.255,High-Rated Attack
10.83.238.177,High-Rated Attack
163.136.166.65,High-Rated Attack
156.24.236.31,High-Rated Attack
172.237.196.172,High-Rated Attack
20.68.145.218,High-Rated Attack
7.90.72.89,High-Rated Attack
118.113.60.54,High-Rated Attack
99.95.204.154,High-Rated Attack
73.111.242.122,High-Rated Attack
188.174.50.127,High-Rated Attack
203.133.85.200,High-Rated Attack
239.29.214.170,High-Rated Attack
14.182.78.51,High-Rated Attack
92.16.66.211,High-Rated Attack
248.211.15.237,High-Rated Attack
216.212.227.217,High-Rated Attack
135.233.131.94,High-Rated Attack
249.187.186.191,High-Rated Attack
210.189.229.101,High-Rated Attack
203.38.118.194,High-Rated Attack
124.36.119.69,High-Rated Attack
97.36.47.69,High-Rated Attack
209.230.25.66,High-Rated Attack
24.18.39.254,High-Rated Attack
227.174.219.203,High-Rated Attack
173.132.1.16,High-Rated Attack
254.28.84.74,High-Rated Attack
206.47.181.189,High-Rated Attack
228.206.171.69,High-Rated Attack
248.103.57.21,High-Rated Attack
123.10.243.13,High-Rated Attack
16.37.241.200,High-Rated Attack
187.126.210.68,High-Rated Attack
186.52.167.67,High-Rated Attack
70.95.137.76,High-Rated Attack
22.131.51.241,High-Rated Attack
219.198.86.52,High-Rated Attack
125.188.134.2,High-Rated Attack
79.92.206.239,High-Rated Attack
133.73.219.246,High-Rated Attack
118.117.102.19,High-Rated Attack
61.60.192.172,High-Rated Attack
181.237.37.142,High-Rated Attack
195.72.76.105,High-Rated Attack
230.210.49.158,High-Rated Attack
152.40.239.48,High-Rated Attack
203.246.232.99,High-Rated Attack
165.23.49.102,High-Rated Attack
10.217.182.76,High-Rated Attack
197.160.133.238,High-Rated Attack
154.166.21.30,High-Rated Attack
246.103.229.223,High-Rated Attack
7.192.185.124,High-Rated Attack
252.197.165.151,High-Rated Attack
178.18.206.0,High-Rated Attack
18.93.218.231,High-Rated Attack
218.19.111.110,High-Rated Attack
144.14.152.205,High-Rated Attack
19.92.8.84,High-Rated Attack
190.88.169.5,High-Rated Attack
112.246.65.168,High-Rated Attack
84.134.67.127,High-Rated Attack
235.227.238.34,High-Rated Attack
213.231.222.132,High-Rated Attack
40.230.114.152,High-Rated Attack
170.41.119.69,High-Rated Attack
59.44.224.176,High-Rated Attack
83.2.51.110,High-Rated Attack
236.15.144.0,High-Rated Attack
85.78.55.14,High-Rated Attack
91.15.98.177,High-Rated Attack
44.44.111.35,High-Rated Attack
153.203.113.243,High-Rated Attack
219.235.148.120,High-Rated Attack
125.146.91.171,High-Rated Attack
129.34.222.64,High-Rated Attack
8.155.12.201,High-Rated Attack
143.81.53.166,High-Rated Attack
125.215.188.83,High-Rated Attack
91.87.126.88,High-Rated Attack
69.1.203.225,High-Rated Attack
54.147.164.222,High-Rated Attack
64.109.163.195,High-Rated Attack
166.207.12.215,High-Rated Attack
107.37.249.7,High-Rated Attack
229.10.21.34,High-Rated Attack
81.11.166.237,High-Rated Attack
252.99.54.103,Low-Rated Attack
48.218.4.49,High-Rated Attack
237.70.131.183,High-Rated Attack
22.161.214.255,High-Rated Attack
12.56.156.47,High-Rated Attack
230.193.144.28,High-Rated Attack
34.113.204.250,High-Rated Attack
194.33.153.48,High-Rated Attack
96.32.87.194,High-Rated Attack
35.162.188.198,High-Rated Attack
52.17.55.36,High-Rated Attack
143.0.206.154,High-Rated Attack
73.45.55.156,High-Rated Attack
145.7.239.47,High-Rated Attack
72.95.171.176,High-Rated Attack
135.98.255.56,High-Rated Attack
187.155.148.192,High-Rated Attack
83.243.79.147,High-Rated Attack
66.24.226.74,High-Rated Attack
221.201.50.237,High-Rated Attack
60.66.138.67,High-Rated Attack
189.68.81.238,High-Rated Attack
196.10.212.79,High-Rated Attack
15.28.55.251,High-Rated Attack
254.189.244.150,High-Rated Attack
233.191.254.149,High-Rated Attack
109.19.251.185,High-Rated Attack
132.139.42.47,High-Rated Attack
239.76.12.213,High-Rated Attack
169.83.19.60,High-Rated Attack
199.201.225.28,High-Rated Attack
114.14.35.245,High-Rated Attack
167.1.85.230,High-Rated Attack
97.198.100.170,High-Rated Attack
19.97.240.183,High-Rated Attack
217.57.35.111,High-Rated Attack
56.123.119.97,High-Rated Attack
93.75.211.142,High-Rated Attack
158.58.0.174,High-Rated Attack
79.54.98.157,High-Rated Attack
203.155.103.194,High-Rated Attack
115.3.161.149,High-Rated Attack
207.44.223.114,High-Rated Attack
46.112.65.176,High-Rated Attack
79.16.22.121,High-Rated Attack
214.58.219.94,High-Rated Attack
251.156.171.187,High-Rated Attack
134.181.188.28,High-Rated Attack
10.67.70.191,High-Rated Attack
199.212.36.75,High-Rated Attack
66.216.148.95,High-Rated Attack
247.103.142.114,High-Rated Attack
110.1.103.65,High-Rated Attack
178.114.227.89,High-Rated Attack
103.215.131.105,High-Rated Attack
241.250.77.237,High-Rated Attack
155.44.22.63,High-Rated Attack
172.111.246.50,High-Rated Attack
50.161.132.187,High-Rated Attack
125.106.209.241,High-Rated Attack
187.17.244.47,High-Rated Attack
50.76.148.101,High-Rated Attack
108.52.80.102,High-Rated Attack
46.255.37.226,High-Rated Attack
44.121.99.81,High-Rated Attack
107.95.169.238,High-Rated Attack
175.26.122.216,High-Rated Attack
185.231.239.248,High-Rated Attack
52.76.170.87,High-Rated Attack
249.250.187.16,High-Rated Attack
75.66.126.169,High-Rated Attack
186.74.228.127,High-Rated Attack
119.131.5.106,High-Rated Attack
168.72.97.35,High-Rated Attack
29.205.74.231,High-Rated Attack
60.32.169.108,High-Rated Attack
8.209.227.104,High-Rated Attack
183.84.23.63,High-Rated Attack
186.148.137.217,High-Rated Attack
197.91.16.98,High-Rated Attack
81.192.48.232,High-Rated Attack
190.239.180.74,High-Rated Attack
68.43.174.101,High-Rated Attack
74.54.187.156,High-Rated Attack
20.251.34.134,High-Rated Attack
42.227.249.224,High-Rated Attack
58.41.59.16,High-Rated Attack
171.177.111.232,High-Rated Attack
103.202.68.146,High-Rated Attack
105.153.168.176,High-Rated Attack
144.98.219.131,High-Rated Attack
188.252.204.213,High-Rated Attack
241.137.171.138,High-Rated Attack
206.36.47.20,High-Rated Attack
126.114.67.78,High-Rated Attack
45.87.38.245,High-Rated Attack
103.237.88.203,High-Rated Attack
31.11.92.198,High-Rated Attack
116.230.156.44,High-Rated Attack
13.133.14.164,High-Rated Attack
204.162.41.101,High-Rated Attack
169.5.226.226,High-Rated Attack
162.125.202.239,High-Rated Attack
194.222.155.6,High-Rated Attack
5.79.19.202,High-Rated Attack
85.100.63.244,High-Rated Attack
61.251.94.19,High-Rated Attack
219.107.11.180,High-Rated Attack
130.164.11.162,High-Rated Attack
144.219.49.44,High-Rated Attack
209.68.141.112,High-Rated Attack
0.13.72.18,High-Rated Attack
197.242.135.203,High-Rated Attack
202.147.86.19,High-Rated Attack
95.204.112.79,High-Rated Attack
53.205.142.78,High-Rated Attack
133.208.177.14,High-Rated Attack
75.156.93.160,High-Rated Attack
138.214.244.23,High-Rated Attack
13.18.224.58,High-Rated Attack
190.58.158.164,High-Rated Attack
78.36.86.101,High-Rated Attack
213.154.249.96,High-Rated Attack
206.127.237.249,High-Rated Attack
68.24.236.238,High-Rated Attack
236.220.122.93,High-Rated Attack
174.236.50.104,High-Rated Attack
127.46.40.153,High-Rated Attack
144.161.195.186,High-Rated Attack
125.82.73.69,High-Rated Attack
75.18.171.46,High-Rated Attack
8.168.127.179,High-Rated Attack
133.159.37.106,High-Rated Attack
11.118.110.219,High-Rated Attack
220.59.196.95,High-Rated Attack
109.248.138.167,High-Rated Attack
26.106.195.164,High-Rated Attack
84.153.145.168,High-Rated Attack
200.225.232.66,High-Rated Attack
245.213.132.116,High-Rated Attack
176.29.106.62,High-Rated Attack
177.201.63.9,High-Rated Attack
241.234.9.4,High-Rated Attack
230.147.174.137,High-Rated Attack
160.24.20.206,High-Rated Attack
244.75.12.54,High-Rated Attack
125.247.42.58,High-Rated Attack
228.175.223.134,High-Rated Attack
229.48.79.170,High-Rated Attack
178.169.103.83,High-Rated Attack
115.57.131.170,High-Rated Attack
222.216.55.10,High-Rated Attack
229.57.254.92,High-Rated Attack
100.114.233.188,High-Rated Attack
122.167.141.78,High-Rated Attack
155.211.32.176,High-Rated Attack
0.38.100.93,High-Rated Attack
87.173.248.225,High-Rated Attack
246.77.76.47,High-Rated Attack
107.130.28.56,High-Rated Attack
172.73.121.43,High-Rated Attack
81.187.138.69,High-Rated Attack
164.108.161.112,High-Rated Attack
113.134.47.54,High-Rated Attack
62.22.170.27,High-Rated Attack
136.208.143.226,High-Rated Attack
45.143.113.45,High-Rated Attack
64.137.167.189,High-Rated Attack
200.49.85.218,High-Rated Attack
24.91.231.48,High-Rated Attack
44.50.191.186,High-Rated Attack
47.70.174.144,High-Rated Attack
96.1.44.110,High-Rated Attack
191.141.113.221,High-Rated Attack
28.1.41.218,High-Rated Attack
225.178.235.166,High-Rated Attack
201.176.85.170,High-Rated Attack
44.216.213.183,High-Rated Attack
131.243.231.174,High-Rated Attack
62.176.108.59,High-Rated Attack
209.142.100.145,High-Rated Attack
206.19.166.149,High-Rated Attack
123.5.115.11,High-Rated Attack
162.167.95.217,High-Rated Attack
26.94.175.21,High-Rated Attack
171.1.243.74,High-Rated Attack
239.58.30.64,High-Rated Attack
224.51.63.40,High-Rated Attack
100.32.125.156,High-Rated Attack
2.214.32.19,High-Rated Attack
175.200.184.25,High-Rated Attack
170.32.183.48,High-Rated Attack
87.249.25.167,High-Rated Attack
251.5.24.148,High-Rated Attack
30.224.90.40,High-Rated Attack
252.188.3.107,High-Rated Attack
180.246.180.110,High-Rated Attack
173.229.110.82,High-Rated Attack
81.249.84.13,High-Rated Attack
203.201.131.213,High-Rated Attack
93.239.48.54,High-Rated Attack
175.195.17.0,High-Rated Attack
30.209.114.148,High-Rated Attack
225.198.129.145,High-Rated Attack
148.181.181.203,High-Rated Attack
48.214.132.32,High-Rated Attack
164.131.4.2,High-Rated Attack
112.254.33.14,High-Rated Attack
172.167.126.11,High-Rated Attack
235.171.28.157,High-Rated Attack
127.16.25.87,High-Rated Attack
131.119.67.100,High-Rated Attack
9.227.94.92,High-Rated Attack
96.188.110.52,High-Rated Attack
60.235.182.57,High-Rated Attack
50.40.155.174,High-Rated Attack
53.125.152.225,High-Rated Attack
254.39.179.192,High-Rated Attack
168.132.237.33,High-Rated Attack
3.227.145.44,High-Rated Attack
52.236.59.157,High-Rated Attack
34.139.128.253,High-Rated Attack
14.140.123.86,High-Rated Attack
238.23.34.109,High-Rated Attack
126.92.15.37,High-Rated Attack
2.229.119.62,High-Rated Attack
235.240.167.103,High-Rated Attack
145.174.29.7,High-Rated Attack
19.77.3.106,High-Rated Attack
70.117.126.232,High-Rated Attack
150.47.125.41,High-Rated Attack
22.105.20.182,High-Rated Attack
199.190.219.198,High-Rated Attack
235.53.25.211,High-Rated Attack
86.84.143.212,High-Rated Attack
175.131.35.152,High-Rated Attack
181.244.19.210,High-Rated Attack
72.236.13.33,High-Rated Attack
73.3.47.137,High-Rated Attack
104.205.37.98,High-Rated Attack
173.23.123.231,High-Rated Attack
175.39.163.82,High-Rated Attack
137.253.199.131,High-Rated Attack
200.246.101.175,High-Rated Attack
51.195.69.62,High-Rated Attack
135.29.209.72,High-Rated Attack
173.40.91.166,High-Rated Attack
96.37.193.142,High-Rated Attack
10.90.91.83,High-Rated Attack
2.4.68.10,High-Rated Attack
211.22.132.70,High-Rated Attack
169.137.62.146,High-Rated Attack
110.238.195.118,High-Rated Attack
216.213.182.114,High-Rated Attack
242.92.131.207,High-Rated Attack
0.198.211.126,High-Rated Attack
183.169.148.120,High-Rated Attack
2.198.64.92,High-Rated Attack
167.110.190.81,High-Rated Attack
196.215.154.142,High-Rated Attack
221.239.130.76,High-Rated Attack
230.220.20.148,High-Rated Attack
153.61.138.154,High-Rated Attack
235.85.67.39,High-Rated Attack
57.25.246.104,High-Rated Attack
94.29.193.149,High-Rated Attack
153.6.39.255,High-Rated Attack
174.234.80.135,High-Rated Attack
101.50.113.111,High-Rated Attack
172.134.70.39,High-Rated Attack
43.32.3.153,High-Rated Attack
15.70.130.92,High-Rated Attack
213.103.169.148,High-Rated Attack
194.48.166.21,High-Rated Attack
90.54.218.73,High-Rated Attack
166.172.107.71,High-Rated Attack
90.25.212.187,High-Rated Attack
162.128.162.165,High-Rated Attack
130.158.90.39,High-Rated Attack
116.192.33.155,High-Rated Attack
40.15.61.201,High-Rated Attack
39.90.156.104,High-Rated Attack
55.143.103.148,High-Rated Attack
156.98.211.0,High-Rated Attack
129.111.240.140,High-Rated Attack
18.25.138.81,High-Rated Attack
104.164.157.157,High-Rated Attack
52.40.234.126,High-Rated Attack
123.157.3.52,High-Rated Attack
2.154.75.109,High-Rated Attack
241.177.138.176,High-Rated Attack
67.20.49.77,High-Rated Attack
164.85.98.45,High-Rated Attack
66.68.109.87,High-Rated Attack
155.223.74.152,High-Rated Attack
8.14.108.104,High-Rated Attack
137.142.254.77,High-Rated Attack
26.67.131.84,High-Rated Attack
84.198.21.110,High-Rated Attack
75.166.133.120,High-Rated Attack
53.183.142.140,High-Rated Attack
125.247.89.26,High-Rated Attack
120.17.203.188,High-Rated Attack
110.224.108.184,High-Rated Attack
161.236.251.18,High-Rated Attack
115.193.89.227,High-Rated Attack
78.70.137.255,High-Rated Attack
126.132.194.203,High-Rated Attack
212.91.162.170,High-Rated Attack
41.122.148.102,High-Rated Attack
184.119.84.241,High-Rated Attack
207.102.181.198,High-Rated Attack
71.48.45.163,High-Rated Attack
254.8.26.11,High-Rated Attack
66.199.229.140,High-Rated Attack
9.0.192.222,High-Rated Attack
210.42.118.226,High-Rated Attack
118.172.85.78,High-Rated Attack
53.199.235.36,High-Rated Attack
203.160.134.128,High-Rated Attack
204.77.199.61,High-Rated Attack
193.177.233.200,High-Rated Attack
250.202.30.44,High-Rated Attack
124.28.163.18,High-Rated Attack
209.88.132.63,High-Rated Attack
43.126.10.82,High-Rated Attack
63.23.3.235,High-Rated Attack
165.45.90.29,High-Rated Attack
249.193.172.77,High-Rated Attack
211.226.169.146,High-Rated Attack
249.224.116.74,High-Rated Attack
140.150.62.248,High-Rated Attack
142.246.229.191,High-Rated Attack
201.30.58.126,High-Rated Attack
217.83.233.187,High-Rated Attack
76.221.153.128,High-Rated Attack
221.52.57.100,High-Rated Attack
129.57.173.58,High-Rated Attack
197.205.64.3,High-Rated Attack
160.7.142.216,High-Rated Attack
116.102.178.11,High-Rated Attack
56.157.206.207,High-Rated Attack
158.74.215.50,High-Rated Attack
213.43.32.76,High-Rated Attack
82.165.54.22,High-Rated Attack
184.192.222.29,High-Rated Attack
176.255.147.194,High-Rated Attack
6.182.126.134,High-Rated Attack
190.50.81.53,High-Rated Attack
70.188.47.54,High-Rated Attack
49.208.102.139,High-Rated Attack
236.115.132.203,High-Rated Attack
78.47.185.58,High-Rated Attack
195.137.89.171,High-Rated Attack
121.12.254.21,High-Rated Attack
241.61.6.43,High-Rated Attack
116.150.145.82,High-Rated Attack
128.149.141.80,High-Rated Attack
179.134.13.13,High-Rated Attack
81.147.114.223,High-Rated Attack
67.86.157.32,High-Rated Attack
16.137.63.145,High-Rated Attack
123.3.180.52,High-Rated Attack
210.182.25.201,High-Rated Attack
215.98.107.148,High-Rated Attack
175.72.190.148,High-Rated Attack
122.150.155.30,High-Rated Attack
2.211.241.81,High-Rated Attack
158.185.94.243,High-Rated Attack
187.138.94.130,High-Rated Attack
237.47.18.87,High-Rated Attack
153.52.222.45,High-Rated Attack
0.251.58.226,High-Rated Attack
92.143.165.187,High-Rated Attack
100.128.234.19,High-Rated Attack
60.17.131.189,High-Rated Attack
213.206.56.52,High-Rated Attack
198.83.52.211,High-Rated Attack
173.119.75.188,High-Rated Attack
104.97.48.77,High-Rated Attack
238.15.235.4,High-Rated Attack
217.207.133.181,High-Rated Attack
92.165.95.228,High-Rated Attack
100.80.172.121,High-Rated Attack
100.59.85.178,High-Rated Attack
161.159.115.90,High-Rated Attack
214.211.141.192,High-Rated Attack
114.254.96.148,High-Rated Attack
67.163.84.206,High-Rated Attack
55.190.123.118,High-Rated Attack
72.216.69.55,High-Rated Attack
142.8.251.158,High-Rated Attack
66.55.138.1,High-Rated Attack
238.155.182.140,High-Rated Attack
24.28.45.31,High-Rated Attack
84.254.9.150,High-Rated Attack
125.181.98.245,High-Rated Attack
21.39.217.60,High-Rated Attack
191.106.168.152,High-Rated Attack
86.37.73.229,High-Rated Attack
172.218.105.59,High-Rated Attack
64.153.141.192,High-Rated Attack
116.60.11.241,High-Rated Attack
80.44.178.56,High-Rated Attack
138.204.203.123,High-Rated Attack
243.34.68.201,High-Rated Attack
232.188.171.58,High-Rated Attack
51.139.209.182,High-Rated Attack
212.186.65.0,High-Rated Attack
155.57.123.35,High-Rated Attack
59.12.54.3,High-Rated Attack
98.54.207.244,High-Rated Attack
120.61.134.236,High-Rated Attack
120.86.145.120,High-Rated Attack
166.99.171.112,High-Rated Attack
13.246.170.160,High-Rated Attack
175.219.18.173,Low-Rated Attack
213.7.145.63,High-Rated Attack
5.155.77.187,High-Rated Attack
29.175.22.98,High-Rated Attack
153.141.39.34,High-Rated Attack
133.96.108.5,High-Rated Attack
90.83.59.128,High-Rated Attack
137.19.86.77,High-Rated Attack
243.255.212.70,High-Rated Attack
131.183.77.13,High-Rated Attack
199.40.247.195,High-Rated Attack
119.68.153.148,High-Rated Attack
154.251.162.45,High-Rated Attack
230.10.240.157,High-Rated Attack
145.17.140.119,High-Rated Attack
137.65.185.26,High-Rated Attack
41.168.69.141,High-Rated Attack
226.53.12.147,High-Rated Attack
70.226.112.173,High-Rated Attack
17.88.180.42,High-Rated Attack
132.63.69.60,High-Rated Attack
235.180.80.16,High-Rated Attack
174.159.6.188,High-Rated Attack
229.95.184.135,High-Rated Attack
129.247.248.107,High-Rated Attack
158.17.67.51,High-Rated Attack
185.165.49.253,High-Rated Attack
1.214.40.170,High-Rated Attack
18.162.216.231,High-Rated Attack
133.251.62.81,High-Rated Attack
174.85.225.144,High-Rated Attack
209.81.101.123,High-Rated Attack
239.235.11.74,High-Rated Attack
174.236.218.75,High-Rated Attack
165.85.52.194,High-Rated Attack
96.211.142.241,High-Rated Attack
220.157.224.183,High-Rated Attack
211.230.204.221,High-Rated Attack
123.112.203.0,High-Rated Attack
191.87.175.233,High-Rated Attack
39.70.165.85,High-Rated Attack
222.26.1.15,High-Rated Attack
168.122.71.177,High-Rated Attack
117.122.141.22,High-Rated Attack
106.195.155.189,High-Rated Attack
93.59.61.73,High-Rated Attack
26.172.253.194,High-Rated Attack
65.40.74.111,High-Rated Attack
7.182.2.170,High-Rated Attack
61.2.88.75,High-Rated Attack
118.223.91.167,High-Rated Attack
118.85.133.205,High-Rated Attack
215.236.7.18,High-Rated Attack
54.4.200.209,High-Rated Attack
98.14.251.158,High-Rated Attack
55.209.160.200,High-Rated Attack
59.118.200.144,High-Rated Attack
53.86.198.40,High-Rated Attack
156.86.17.174,High-Rated Attack
115.161.18.103,High-Rated Attack
138.245.161.124,High-Rated Attack
244.186.242.228,High-Rated Attack
247.167.154.121,High-Rated Attack
251.80.36.255,High-Rated Attack
177.200.160.235,High-Rated Attack
156.213.85.181,High-Rated Attack
18.215.228.92,High-Rated Attack
237.238.235.240,High-Rated Attack
60.246.91.14,High-Rated Attack
149.59.8.129,High-Rated Attack
6.199.94.18,High-Rated Attack
9.16.51.144,High-Rated Attack
26.51.96.105,High-Rated Attack
7.0.187.143,High-Rated Attack
35.14.39.235,High-Rated Attack
148.203.229.253,High-Rated Attack
174.123.54.29,High-Rated Attack
242.40.118.250,High-Rated Attack
73.234.239.171,High-Rated Attack
113.220.79.46,High-Rated Attack
14.164.235.137,High-Rated Attack
173.61.103.91,High-Rated Attack
1.84.153.153,High-Rated Attack
193.244.201.94,High-Rated Attack
20.196.27.68,High-Rated Attack
97.40.179.47,High-Rated Attack
129.111.8.148,High-Rated Attack
34.41.93.232,High-Rated Attack
220.16.47.79,High-Rated Attack
33.210.177.3,High-Rated Attack
210.225.19.192,High-Rated Attack
131.65.183.15,High-Rated Attack
84.98.93.197,High-Rated Attack
27.243.196.93,High-Rated Attack
21.250.127.54,High-Rated Attack
25.205.233.216,High-Rated Attack
77.46.209.242,High-Rated Attack
21.171.79.81,High-Rated Attack
0.145.72.155,High-Rated Attack
206.224.217.227,High-Rated Attack
149.76.133.132,High-Rated Attack
153.159.59.115,High-Rated Attack
236.255.4.1,High-Rated Attack
135.132.19.134,High-Rated Attack
155.130.22.247,High-Rated Attack
53.236.150.101,High-Rated Attack
204.8.25.143,High-Rated Attack
59.114.165.62,High-Rated Attack
86.1.179.255,High-Rated Attack
141.98.146.150,High-Rated Attack
86.6.95.96,High-Rated Attack
114.182.61.74,High-Rated Attack
89.153.55.197,High-Rated Attack
123.219.142.130,High-Rated Attack
223.114.53.128,High-Rated Attack
69.48.89.178,High-Rated Attack
163.38.161.11,High-Rated Attack
239.192.34.254,High-Rated Attack
83.68.130.81,High-Rated Attack
200.124.46.122,High-Rated Attack
37.225.163.1,High-Rated Attack
115.248.149.186,High-Rated Attack
99.235.240.70,High-Rated Attack
20.44.196.76,High-Rated Attack
183.152.5.66,High-Rated Attack
144.232.220.219,High-Rated Attack
247.94.80.182,High-Rated Attack
114.197.124.59,High-Rated Attack
7.27.170.145,High-Rated Attack
13.225.148.199,High-Rated Attack
16.79.20.248,High-Rated Attack
19.85.21.16,High-Rated Attack
155.158.73.187,High-Rated Attack
227.118.182.161,High-Rated Attack
180.91.16.159,High-Rated Attack
26.90.201.148,High-Rated Attack
40.191.138.251,High-Rated Attack
192.77.97.173,High-Rated Attack
180.55.58.44,High-Rated Attack
233.38.126.20,High-Rated Attack
220.241.196.180,High-Rated Attack
155.176.180.160,High-Rated Attack
226.43.55.29,High-Rated Attack
77.137.69.133,High-Rated Attack
138.205.35.248,High-Rated Attack
188.142.133.242,High-Rated Attack
140.183.137.231,High-Rated Attack
198.19.27.163,High-Rated Attack
182.138.208.53,High-Rated Attack
210.63.106.245,High-Rated Attack
6.38.222.133,High-Rated Attack
131.62.171.93,High-Rated Attack
16.0.169.103,High-Rated Attack
49.194.20.18,High-Rated Attack
156.89.99.133,High-Rated Attack
167.108.83.172,High-Rated Attack
77.50.147.52,High-Rated Attack
30.108.129.188,High-Rated Attack
141.249.83.13,High-Rated Attack
8.101.182.192,High-Rated Attack
244.76.13.170,High-Rated Attack
43.162.227.240,High-Rated Attack
174.202.235.179,High-Rated Attack
138.148.9.64,High-Rated Attack
94.208.102.182,High-Rated Attack
219.19.108.134,High-Rated Attack
161.45.185.154,High-Rated Attack
12.226.54.244,High-Rated Attack
120.64.101.126,High-Rated Attack
70.214.188.22,High-Rated Attack
185.249.154.231,High-Rated Attack
84.201.24.253,High-Rated Attack
82.36.207.236,High-Rated Attack
61.61.55.75,High-Rated Attack
244.10.43.220,High-Rated Attack
187.186.222.97,High-Rated Attack
50.60.187.184,High-Rated Attack
242.103.47.1,High-Rated Attack
80.138.100.128,High-Rated Attack
120.77.148.204,High-Rated Attack
26.90.245.119,High-Rated Attack
6.236.155.202,High-Rated Attack
206.115.170.55,High-Rated Attack
159.33.4.219,High-Rated Attack
83.93.181.218,High-Rated Attack
211.88.149.137,High-Rated Attack
93.79.132.52,High-Rated Attack
172.117.13.21,High-Rated Attack
23.178.10.254,High-Rated Attack
8.81.162.186,High-Rated Attack
233.39.19.54,High-Rated Attack
132.27.181.90,High-Rated Attack
202.133.17.212,High-Rated Attack
173.60.62.222,High-Rated Attack
126.246.241.15,High-Rated Attack
22.181.68.103,High-Rated Attack
201.16.191.7,High-Rated Attack
236.133.235.145,High-Rated Attack
215.69.14.231,High-Rated Attack
59.134.169.120,High-Rated Attack
38.14.129.153,High-Rated Attack
173.188.50.128,High-Rated Attack
10.187.243.66,High-Rated Attack
118.145.160.94,High-Rated Attack
189.39.121.240,High-Rated Attack
109.127.74.234,High-Rated Attack
62.49.149.179,High-Rated Attack
96.126.123.51,High-Rated Attack
186.61.184.240,High-Rated Attack
24.18.192.254,High-Rated Attack
73.157.79.197,High-Rated Attack
138.181.211.208,High-Rated Attack
241.125.64.108,High-Rated Attack
157.225.131.169,High-Rated Attack
166.10.163.14,High-Rated Attack
85.252.111.118,High-Rated Attack
248.22.210.77,High-Rated Attack
193.71.195.51,High-Rated Attack
55.34.17.159,High-Rated Attack
97.85.58.64,High-Rated Attack
234.5.203.177,High-Rated Attack
173.186.72.172,High-Rated Attack
83.171.163.173,High-Rated Attack
245.103.86.24,High-Rated Attack
40.13.116.174,High-Rated Attack
79.2.15.60,High-Rated Attack
27.126.84.106,High-Rated Attack
72.198.194.46,High-Rated Attack
175.216.108.163,High-Rated Attack
214.225.56.196,High-Rated Attack
37.234.248.128,High-Rated Attack
232.40.21.17,High-Rated Attack
58.139.70.113,High-Rated Attack
187.60.234.135,High-Rated Attack
239.214.201.89,High-Rated Attack
121.255.32.165,High-Rated Attack
212.190.45.139,High-Rated Attack
106.192.29.97,High-Rated Attack
109.97.4.247,High-Rated Attack
251.107.222.162,High-Rated Attack
80.30.38.140,High-Rated Attack
182.81.186.235,High-Rated Attack
207.217.143.143,High-Rated Attack
72.49.107.188,High-Rated Attack
117.118.34.170,High-Rated Attack
33.207.235.14,High-Rated Attack
231.246.132.183,High-Rated Attack
70.5.1.176,High-Rated Attack
197.46.25.47,High-Rated Attack
116.201.80.192,High-Rated Attack
174.76.1.175,High-Rated Attack
31.102.134.32,High-Rated Attack
34.211.11.44,High-Rated Attack
62.130.69.42,High-Rated Attack
237.41.220.154,High-Rated Attack
107.215.32.23,High-Rated Attack
123.143.200.23,High-Rated Attack
22.225.167.114,High-Rated Attack
169.100.158.207,High-Rated Attack
96.230.166.47,High-Rated Attack
219.70.167.229,High-Rated Attack
15.38.0.225,High-Rated Attack
120.11.6.187,High-Rated Attack
190.128.0.55,High-Rated Attack
177.221.116.28,High-Rated Attack
132.144.121.180,High-Rated Attack
101.162.9.111,High-Rated Attack
85.253.217.54,High-Rated Attack
213.15.135.199,High-Rated Attack
192.5.78.21,High-Rated Attack
164.205.117.25,High-Rated Attack
87.67.116.210,High-Rated Attack
223.48.147.12,High-Rated Attack
224.222.12.71,High-Rated Attack
94.34.132.2,High-Rated Attack
248.198.24.28,High-Rated Attack
116.220.5.89,High-Rated Attack
87.13.202.19,High-Rated Attack
85.209.95.94,High-Rated Attack
143.62.231.212,High-Rated Attack
173.202.118.20,High-Rated Attack
172.150.61.49,High-Rated Attack
91.200.198.165,High-Rated Attack
107.189.250.62,High-Rated Attack
83.51.179.145,High-Rated Attack
215.147.173.70,High-Rated Attack
240.227.86.62,High-Rated Attack
107.141.250.67,High-Rated Attack
36.95.67.61,High-Rated Attack
217.126.133.175,High-Rated Attack
153.96.4.249,High-Rated Attack
95.24.71.210,High-Rated Attack
28.71.226.203,High-Rated Attack
228.29.155.210,High-Rated Attack
240.111.110.194,High-Rated Attack
5.18.148.202,High-Rated Attack
87.80.236.173,High-Rated Attack
102.159.174.20,High-Rated Attack
162.135.148.46,High-Rated Attack
119.214.222.111,High-Rated Attack
108.39.154.228,High-Rated Attack
30.32.2.172,High-Rated Attack
16.223.246.24,High-Rated Attack
51.97.153.105,High-Rated Attack
133.86.92.43,High-Rated Attack
235.175.222.98,High-Rated Attack
223.168.224.115,High-Rated Attack
12.96.107.184,High-Rated Attack
23.65.68.127,High-Rated Attack
177.107.210.183,High-Rated Attack
35.52.247.58,High-Rated Attack
59.112.47.247,High-Rated Attack
228.187.37.124,High-Rated Attack
2.250.26.161,High-Rated Attack
241.64.167.141,High-Rated Attack
58.14.127.8,High-Rated Attack
79.148.107.138,High-Rated Attack
127.121.75.170,High-Rated Attack
10.55.73.202,High-Rated Attack
27.139.203.31,High-Rated Attack
81.141.135.73,High-Rated Attack
1.80.159.228,High-Rated Attack
180.133.71.156,High-Rated Attack
58.201.197.33,High-Rated Attack
142.38.192.28,High-Rated Attack
70.148.190.147,High-Rated Attack
201.32.97.250,High-Rated Attack
4.252.223.1,High-Rated Attack
45.247.34.108,High-Rated Attack
93.80.206.79,High-Rated Attack
225.99.163.3,High-Rated Attack
234.201.21.204,High-Rated Attack
228.169.117.139,High-Rated Attack
201.20.148.31,High-Rated Attack
171.116.75.224,High-Rated Attack
139.154.89.84,High-Rated Attack
184.186.112.162,High-Rated Attack
19.213.67.82,High-Rated Attack
217.32.174.52,High-Rated Attack
0.245.226.143,High-Rated Attack
159.154.3.168,High-Rated Attack
218.74.72.174,High-Rated Attack
162.224.87.31,High-Rated Attack
198.113.112.178,High-Rated Attack
108.64.243.17,High-Rated Attack
178.130.17.233,High-Rated Attack
137.68.133.249,High-Rated Attack
148.116.197.120,High-Rated Attack
70.70.254.56,High-Rated Attack
246.32.205.222,High-Rated Attack
64.218.193.218,High-Rated Attack
160.179.3.5,High-Rated Attack
218.216.24.6,High-Rated Attack
113.236.122.158,High-Rated Attack
113.225.246.22,High-Rated Attack
153.155.174.25,High-Rated Attack
177.59.203.67,High-Rated Attack
223.224.26.3,High-Rated Attack
133.99.192.13,High-Rated Attack
117.151.44.112,High-Rated Attack
227.214.37.207,High-Rated Attack
40.8.122.84,High-Rated Attack
118.208.193.4,High-Rated Attack
226.177.56.44,High-Rated Attack
146.103.79.92,High-Rated Attack
113.193.60.222,High-Rated Attack
253.60.88.88,High-Rated Attack
195.7.187.172,High-Rated Attack
126.187.15.125,High-Rated Attack
234.76.157.47,High-Rated Attack
136.169.15.215,High-Rated Attack
6.207.79.140,High-Rated Attack
172.84.1.251,High-Rated Attack
232.81.2.53,High-Rated Attack
190.236.30.80,High-Rated Attack
227.5.102.227,High-Rated Attack
208.225.13.175,High-Rated Attack
193.27.23.246,High-Rated Attack
160.221.48.220,High-Rated Attack
81.38.168.123,High-Rated Attack
166.105.211.139,High-Rated Attack
249.191.26.24,High-Rated Attack
175.204.149.1,High-Rated Attack
23.231.41.142,High-Rated Attack
133.82.93.17,High-Rated Attack
52.92.253.181,High-Rated Attack
67.236.34.125,High-Rated Attack
234.168.12.101,High-Rated Attack
17.162.70.198,High-Rated Attack
79.55.249.237,High-Rated Attack
79.177.169.43,High-Rated Attack
239.25.151.188,High-Rated Attack
214.137.103.48,High-Rated Attack
29.176.189.165,High-Rated Attack
134.113.204.97,High-Rated Attack
43.166.191.168,High-Rated Attack
156.106.190.155,High-Rated Attack
143.150.96.24,High-Rated Attack
130.62.162.86,High-Rated Attack
153.89.67.233,High-Rated Attack
127.11.35.19,High-Rated Attack
71.52.183.144,High-Rated Attack
143.201.147.186,High-Rated Attack
227.210.251.181,High-Rated Attack
139.110.14.90,High-Rated Attack
106.45.228.69,High-Rated Attack
227.108.208.145,High-Rated Attack
244.14.127.212,High-Rated Attack
104.25.190.58,High-Rated Attack
120.118.138.10,High-Rated Attack
183.131.71.200,High-Rated Attack
106.181.205.139,High-Rated Attack
86.217.41.27,High-Rated Attack
72.71.48.144,High-Rated Attack
19.154.38.209,High-Rated Attack
53.228.92.116,High-Rated Attack
92.209.63.71,High-Rated Attack
69.83.216.221,High-Rated Attack
157.177.48.213,High-Rated Attack
194.47.98.10,High-Rated Attack
5.140.219.71,High-Rated Attack
197.99.28.200,High-Rated Attack
126.245.138.55,High-Rated Attack
191.118.12.55,High-Rated Attack
178.35.198.11,High-Rated Attack
22.239.167.135,High-Rated Attack
225.227.131.239,High-Rated Attack
169.138.54.225,High-Rated Attack
19.140.9.39,High-Rated Attack
86.216.212.188,High-Rated Attack
68.131.86.209,High-Rated Attack
46.231.200.8,High-Rated Attack
159.246.206.112,High-Rated Attack
113.31.93.43,High-Rated Attack
96.94.199.21,High-Rated Attack
177.32.226.76,High-Rated Attack
247.131.230.65,High-Rated Attack
144.49.81.192,High-Rated Attack
37.87.33.136,High-Rated Attack
161.49.6.116,High-Rated Attack
103.67.19.240,High-Rated Attack
136.114.59.112,High-Rated Attack
186.92.69.120,High-Rated Attack
172.94.134.12,High-Rated Attack
53.52.43.17,High-Rated Attack
55.176.197.161,High-Rated Attack
167.57.29.1,High-Rated Attack
136.27.168.124,High-Rated Attack
93.185.251.167,High-Rated Attack
248.172.250.157,High-Rated Attack
145.15.184.36,High-Rated Attack
240.21.52.52,High-Rated Attack
80.194.28.81,High-Rated Attack
222.128.72.233,High-Rated Attack
206.186.164.208,High-Rated Attack
2.110.134.65,High-Rated Attack
47.86.225.175,High-Rated Attack
207.15.95.193,High-Rated Attack
143.157.153.110,High-Rated Attack
162.244.110.163,High-Rated Attack
214.99.218.250,High-Rated Attack
103.24.197.110,High-Rated Attack
198.126.82.195,High-Rated Attack
81.226.53.17,High-Rated Attack
175.241.92.111,High-Rated Attack
95.129.119.4,High-Rated Attack
236.64.45.79,High-Rated Attack
154.217.90.154,High-Rated Attack
210.91.38.40,High-Rated Attack
164.23.215.228,High-Rated Attack
67.201.71.168,High-Rated Attack
109.50.253.127,High-Rated Attack
149.199.208.186,High-Rated Attack
226.239.77.198,High-Rated Attack
243.67.81.19,High-Rated Attack
7.147.53.101,High-Rated Attack
97.86.136.150,High-Rated Attack
210.77.39.49,High-Rated Attack
94.94.180.132,High-Rated Attack
115.108.199.124,High-Rated Attack
12.221.145.227,High-Rated Attack
